{"name":"67be9aaa-56fb-4731-a695-487fcfacbdd5","id":"/providers/Microsoft.Flow/flows/67be9aaa-56fb-4731-a695-487fcfacbdd5","type":"Microsoft.Flow/flows","properties":{"apiId":"/providers/Microsoft.PowerApps/apis/shared_logicflows","displayName":"XBOX sync to DSMS","definition":{"metadata":{"workflowEntityId":null,"creator":{"id":"a00f1a05-a830-4899-97b0-dd971b793580","type":"User","tenantId":"72f988bf-86f1-41af-91ab-2d7cd011db47"},"provisioningMethod":"FromDefinition","failureAlertSubscription":true,"clientLastModifiedTime":"2020-01-16T18:01:26.6642474Z"},"$schema":"https://schema.management.azure.com/providers/Microsoft.Logic/schemas/2016-06-01/workflowdefinition.json#","contentVersion":"1.0.0.0","parameters":{"$connections":{"defaultValue":{},"type":"Object"},"$authentication":{"defaultValue":{},"type":"SecureObject"}},"triggers":{"manual":{"type":"Request","kind":"Http","inputs":{"schema":{}}}},"actions":{"Get_Experiment_Details":{"runAfter":{},"metadata":{"flowSystemMetadata":{"swaggerOperationId":"GetWorkItemDetails"}},"type":"ApiConnection","inputs":{"host":{"connection":{"name":"@parameters('$connections')['shared_visualstudioteamservices']['connectionId']"},"api":{"runtimeUrl":"https://firstrelease-001.azure-apim.net/apim/visualstudioteamservices"}},"method":"get","path":"/_apis/wit/workitems/@{encodeURIComponent(coalesce(triggerBody()?['resource']?['workItemId'],triggerBody()?['resource']?['id']))}","queries":{"account":"microsoft","project":"Xbox","typeName":"Experiment"},"authentication":"@parameters('$authentication')"}},"Initialize_variable":{"runAfter":{},"type":"InitializeVariable","inputs":{"variables":[{"name":"DSMS ID","type":"Integer"}]}},"Check_if_Service_Account_made_a_change":{"actions":{"Set_DSMS_ID":{"runAfter":{},"type":"SetVariable","inputs":{"name":"DSMS ID","value":"@int(coalesce(body('Get_Experiment_Details')?['fields']?['Microsoft_VSTS_Common_CustomString09'],0))"}},"DSMS_ID_Check":{"actions":{},"runAfter":{"Set_DSMS_ID":["Succeeded"]},"else":{"actions":{"Create_DSMS_User_Story":{"runAfter":{},"metadata":{"flowSystemMetadata":{"swaggerOperationId":"CreateWorkItem"}},"type":"ApiConnection","inputs":{"host":{"connection":{"name":"@parameters('$connections')['shared_visualstudioteamservices']['connectionId']"},"api":{"runtimeUrl":"https://firstrelease-001.azure-apim.net/apim/visualstudioteamservices"}},"method":"patch","body":{"title":"@{body('Get_Experiment_Details')?['fields']?['System_Title']} - (Xbox: @{body('Get_Experiment_Details')?['id']})","userEnteredFields":{"Custom.xboxid":"@{body('Get_Experiment_Details')?['id']}"},"dynamicFields":{"Custom.ExperimentDetails":"TBD","Custom.Hypothesis":"TBD"}},"path":"/@{encodeURIComponent('DSMS_exp')}/_apis/wit/workitems/$@{encodeURIComponent('User Story')}","queries":{"account":"mscomexp"},"authentication":"@parameters('$authentication')"}},"Update_XBOX_Experiment":{"runAfter":{"Set_DSMS_ID_to_Newly_Created_DSMS_User_Story_ID":["Succeeded"]},"metadata":{"flowSystemMetadata":{"swaggerOperationId":"UpdateWorkItem"}},"type":"ApiConnection","inputs":{"host":{"connection":{"name":"@parameters('$connections')['shared_visualstudioteamservices']['connectionId']"},"api":{"runtimeUrl":"https://firstrelease-001.azure-apim.net/apim/visualstudioteamservices"}},"method":"patch","body":{"title":"@{body('Get_Experiment_Details')?['fields']?['System_Title']} (@{variables('DSMS ID')})","userEnteredFields":{"Microsoft.VSTS.Common.CustomString09":"@{body('Create_DSMS_User_Story')?['id']}"}},"path":"/_apis/wit/workitems/@{encodeURIComponent(body('Get_Experiment_Details')?['id'])}","queries":{"account":"microsoft"},"authentication":"@parameters('$authentication')"}},"Set_DSMS_ID_to_Newly_Created_DSMS_User_Story_ID":{"runAfter":{"Create_DSMS_User_Story":["Succeeded"]},"type":"SetVariable","inputs":{"name":"DSMS ID","value":"@body('Create_DSMS_User_Story')?['id']"}}}},"expression":{"not":{"equals":["@variables('DSMS ID')",0]}},"type":"If"},"Email_Confirmation_on_Sync":{"runAfter":{"Update_DSMS_User_Story":["Succeeded"]},"metadata":{"flowSystemMetadata":{"swaggerOperationId":"SendEmailV2"}},"type":"ApiConnection","inputs":{"host":{"connection":{"name":"@parameters('$connections')['shared_office365']['connectionId']"},"api":{"runtimeUrl":"https://firstrelease-001.azure-apim.net/apim/office365"}},"method":"post","body":{"To":"v-adag@microsoft.com","Subject":"Xbox (@{body('Get_Experiment_Details')?['id']}) synced to DSMS (@{variables('DSMS ID')})","Body":"<strong>Xbox (@{body('Get_Experiment_Details')?['id']}) synced to DSMS (@{variables('DSMS ID')})</strong>\n<br>\n<br>\n<strong>Xbox:</strong>\n<br>\n<a href=\"https://microsoft.visualstudio.com/Xbox/_workitems/edit/@{body('Get_Experiment_Details')?['id']}\">https://microsoft.visualstudio.com/Xbox/_workitems/edit/@{body('Get_Experiment_Details')?['id']}</a>\n<br>\n<br>\n<strong>DSMS:</strong><br>\n<a href=\"https://dev.azure.com/mscomexp/DSMS_exp/_workitems/edit/@{variables('DSMS ID')}\">https://dev.azure.com/mscomexp/DSMS_exp/_workitems/edit/@{variables('DSMS ID')}</a>\n<br>\n<br>\n<em>This email was generated by Power Automate via XBOX sync to DSMS.</em>"},"path":"/v2/Mail","authentication":"@parameters('$authentication')"}},"Update_DSMS_User_Story":{"runAfter":{"DSMS_ID_Check":["Succeeded"]},"metadata":{"flowSystemMetadata":{"swaggerOperationId":"UpdateWorkItem"}},"type":"ApiConnection","inputs":{"host":{"connection":{"name":"@parameters('$connections')['shared_visualstudioteamservices']['connectionId']"},"api":{"runtimeUrl":"https://firstrelease-001.azure-apim.net/apim/visualstudioteamservices"}},"method":"patch","body":{"userEnteredFields":{"Custom.MSFTInstanceDescription":"@body('Get_Experiment_Details')?['fields']?['System_Description']","Microsoft.VSTS.Common.Priority":"@{body('Get_Experiment_Details')?['fields']?['Microsoft_VSTS_Common_Priority']}","Custom.Rank":"@{body('Get_Experiment_Details')?['fields']?['OSG_Rank']}","Custom.GuardrailMetrics":"@body('Get_Experiment_Details')?['fields']?['OSG_GuardrailMetrics']","Custom.ExperimentStartDate":"@body('Get_Experiment_Details')?['fields']?['OSG_ExperimentStartDate']","Custom.ExperimentEndDate":"@body('Get_Experiment_Details')?['fields']?['OSG_ExperimentStopDate']","Custom.ConfigLink":"@body('Get_Experiment_Details')?['fields']?['OSG_ConfigLink']","Custom.PM":"@body('Get_Experiment_Details')?['fields']?['OSG_PMOwner']","Custom.ExperimentOutcome":"@{if(or(or(equals(body('Get_Experiment_Details')?['fields']?['OSG_ExperimentChallengerOutcome'], 'Win'),equals(body('Get_Experiment_Details')?['fields']?['OSG_ExperimentChallengerOutcome'], 'Loss')),equals(body('Get_Experiment_Details')?['fields']?['OSG_ExperimentChallengerOutcome'], 'Inconclusive')),body('Get_Experiment_Details')?['fields']?['OSG_ExperimentChallengerOutcome'],'')}","Custom.PrimaryKPIResult":"@body('Get_Experiment_Details')?['fields']?['OSG_PrimaryKPISuccessCriteriaResult']","Custom.RevenueImpact":"@{body('Get_Experiment_Details')?['fields']?['OSG_RevenueImpact']}","Custom.FeatureShipStatus":"@{if(equals(body('Get_Experiment_Details')?['fields']?['OSG_FeatureShipStatus'],'Shipped'),'Shipped','')}","Custom.FeatureTrackingID":"@{body('Get_Experiment_Details')?['fields']?['OSG_FeatureShipTracking']}"}},"path":"/_apis/wit/workitems/@{encodeURIComponent(variables('DSMS ID'))}","queries":{"account":"mscomexp"},"authentication":"@parameters('$authentication')"}}},"runAfter":{"Initialize_variable":["Succeeded"],"Get_Experiment_Details":["Succeeded"]},"expression":{"and":[{"not":{"contains":["@coalesce(body('Get_Experiment_Details')?['fields']?['System_ChangedBy'],'')","dsmsexp@microsoft.com"]}},{"equals":["@body('Get_Experiment_Details')?['fields']?['System_WorkItemType']","Experiment"]}]},"type":"If"}},"outputs":{},"description":"XBOX sync to DSMS"},"connectionReferences":{"shared_visualstudioteamservices":{"connectionName":"2d0b1bff5abd4bfc8c26c8050008faf9","source":"Embedded","id":"/providers/Microsoft.PowerApps/apis/shared_visualstudioteamservices","tier":"NotSpecified"},"shared_office365":{"connectionName":"54eedec0898b4ea09782920b9ff209fb","source":"Embedded","id":"/providers/Microsoft.PowerApps/apis/shared_office365","tier":"NotSpecified"}},"flowFailureAlertSubscribed":false}}